source,target,weight
AAPL,MSFT,0.5632287524096968
ADBE,ADSK,0.6352143785349846
ADBE,ANSS,0.6215862905203305
ADBE,CDNS,0.5936903207032708
ADBE,GOOG,0.5523333360974839
ADBE,GOOGL,0.5566883371991234
ADBE,INTU,0.6138322919796244
ADBE,MSFT,0.6384470806677537
ADBE,SNPS,0.6306856922662424
ADBE,TXN,0.5556942182297718
ADI,ADP,0.561778507070201
ADI,AMAT,0.7202348203768302
ADI,ANSS,0.5837757452229071
ADI,ASML,0.6244632994340216
ADI,AVGO,0.6580043666398461
ADI,CDNS,0.5902526272177472
ADI,FISV,0.5740158045851109
ADI,HON,0.5701926804796315
ADI,INTC,0.6139585386923435
ADI,KLAC,0.7011733528039048
ADI,LRCX,0.7078765725357731
ADI,MCHP,0.7999488961921585
ADI,MRVL,0.5811993327781371
ADI,MSFT,0.5651677337441284
ADI,MU,0.6049935687512493
ADI,NVDA,0.5915686752308223
ADI,NXPI,0.6560755013689233
ADI,QCOM,0.5806567709344114
ADI,SNPS,0.6110323270780441
ADI,SWKS,0.6668484783348566
ADI,TXN,0.8106434507748317
ADI,XLNX,0.6834614907818096
ADP,ANSS,0.5646881622219817
ADP,CTAS,0.6205701670418183
ADP,CTSH,0.5596395339887248
ADP,FISV,0.716654987696649
ADP,HON,0.6614229057896611
ADP,INTU,0.6298203469513761
ADP,MSFT,0.6068311852259811
ADP,PAYX,0.7943296341926067
ADP,PEP,0.5810550814953604
ADP,SBUX,0.552743527420753
ADP,SNPS,0.578079991677962
ADP,TXN,0.5906522348428029
ADP,VRSK,0.5747060017141307
ADSK,ANSS,0.6321813039468346
ADSK,CDNS,0.587644832822123
ADSK,INTU,0.5544135216339181
ADSK,MSFT,0.5572629485701864
ADSK,SNPS,0.5963069566581328
ADSK,TXN,0.5665284099075922
AEP,EXC,0.6889041005085796
AEP,PEP,0.569565112480628
AEP,XEL,0.843830879973257
AMAT,ANSS,0.5704043204120951
AMAT,ASML,0.6744800851762279
AMAT,AVGO,0.6104665130007727
AMAT,CDNS,0.589594780021052
AMAT,INTC,0.6151423082118715
AMAT,KLAC,0.7850379273983084
AMAT,LRCX,0.8360231000967854
AMAT,MCHP,0.7324256224945519
AMAT,MRVL,0.5568900275026817
AMAT,MSFT,0.5631220541916805
AMAT,MU,0.6262912536295686
AMAT,NVDA,0.5871967876914195
AMAT,NXPI,0.5778949021728587
AMAT,QCOM,0.5655699173260375
AMAT,SNPS,0.6141136136657851
AMAT,SWKS,0.6145970518339949
AMAT,TXN,0.7251745548144881
AMAT,XLNX,0.6278572684253835
AMZN,GOOG,0.576845632148967
AMZN,GOOGL,0.5763020250323921
ANSS,CDNS,0.6410151844937892
ANSS,FISV,0.5829412988359217
ANSS,INTU,0.6336959952019957
ANSS,KLAC,0.5734256650882813
ANSS,LRCX,0.5531406314495578
ANSS,MCHP,0.5740454715259583
ANSS,MSFT,0.6119207117667291
ANSS,PAYX,0.5665729482639432
ANSS,SNPS,0.6857891980384272
ANSS,TXN,0.6041479026980391
ASML,AVGO,0.5503865981283794
ASML,CDNS,0.5512314503369717
ASML,KLAC,0.6673825839186978
ASML,LRCX,0.6742678598830756
ASML,MCHP,0.6214744385407405
ASML,SNPS,0.5552432451898114
ASML,SWKS,0.5547571900829695
ASML,TXN,0.6248002103736433
AVGO,KLAC,0.5693155871911654
AVGO,LRCX,0.5998800891875702
AVGO,MCHP,0.632573605035247
AVGO,NXPI,0.5934906277679418
AVGO,SWKS,0.6620727239805446
AVGO,TXN,0.6482283026792487
CDNS,INTU,0.5926725898709551
CDNS,KLAC,0.5905588538051505
CDNS,LRCX,0.5878501257861246
CDNS,MCHP,0.5799380512592666
CDNS,MSFT,0.5826525973565696
CDNS,SNPS,0.7652724001633942
CDNS,TXN,0.6025753517979817
CMCSA,HON,0.5529016933668879
CSCO,MSFT,0.5506752901005106
CSX,HON,0.6345448985297444
CSX,PCAR,0.5830700767254701
CTAS,FISV,0.6416250564338392
CTAS,HON,0.6627552613358626
CTAS,MAR,0.5655293735273268
CTAS,PAYX,0.6005475108246366
CTSH,FISV,0.5741327411964765
CTSH,HON,0.5685569212457358
CTSH,PAYX,0.561891485964862
EXC,XEL,0.7055352815010074
FAST,HON,0.5547583137632014
FAST,PCAR,0.5707045539422768
FISV,HON,0.6531332129674603
FISV,INTU,0.615213694261779
FISV,MAR,0.5602519105696544
FISV,MSFT,0.5931283852058375
FISV,PAYX,0.6870353167641207
FISV,SBUX,0.5812455309839661
FISV,SNPS,0.5879956558733561
FISV,TXN,0.5618586247815712
FISV,VRSK,0.576494357632025
GOOG,GOOGL,0.9942023560877359
GOOG,MSFT,0.6203765830903758
GOOGL,MSFT,0.6199794935607355
HON,MAR,0.6380646454326092
HON,PAYX,0.6654450798084481
HON,PCAR,0.6784147238799327
HON,SBUX,0.5569512276069768
HON,TXN,0.5730164844483523
INTC,KLAC,0.5959750964184484
INTC,LRCX,0.5807300143400453
INTC,MCHP,0.629562002918843
INTC,MSFT,0.5880547141041849
INTC,TXN,0.6559938639104022
INTU,KLAC,0.556944164589703
INTU,MSFT,0.6256266834216213
INTU,PAYX,0.6288004003487172
INTU,SNPS,0.6527515865240402
INTU,TXN,0.5672412230447246
KLAC,LRCX,0.8167588069050856
KLAC,MCHP,0.6949439224428273
KLAC,MSFT,0.5527476106572097
KLAC,MU,0.564984338415352
KLAC,NVDA,0.5583910540921161
KLAC,SNPS,0.6136731591466181
KLAC,SWKS,0.5915125489302014
KLAC,TXN,0.7040012317258133
KLAC,XLNX,0.6207648364755598
LRCX,MCHP,0.7111601077027321
LRCX,MU,0.5960056072227553
LRCX,NVDA,0.5627420195680103
LRCX,NXPI,0.5839558483726576
LRCX,SNPS,0.6078529180806111
LRCX,SWKS,0.6095536921701076
LRCX,TXN,0.702992296773671
LRCX,XLNX,0.6042310013289761
MCHP,MRVL,0.5744189388641401
MCHP,MSFT,0.5511003869379061
MCHP,MU,0.615251809894229
MCHP,NVDA,0.5727773863849699
MCHP,NXPI,0.6361210306130796
MCHP,QCOM,0.555310026514008
MCHP,SNPS,0.6001061533383238
MCHP,SWKS,0.645888845204476
MCHP,TXN,0.7868055822239494
MCHP,XLNX,0.6632752221314844
MDLZ,PEP,0.6433896750586943
MRVL,TXN,0.5927245885656268
MSFT,PAYX,0.5853067251022404
MSFT,SNPS,0.6363373343927519
MSFT,TXN,0.6031278524261264
MU,SWKS,0.5535538779089365
MU,TXN,0.6097564918190268
NVDA,SNPS,0.5695074183589488
NVDA,TXN,0.6127624144626095
NXPI,SWKS,0.6043233158044836
NXPI,TXN,0.6442954765203545
PAYX,PCAR,0.5536016216495863
PAYX,PEP,0.5875127594049837
PAYX,SBUX,0.5729137542382234
PAYX,SNPS,0.5747866784906076
PAYX,TXN,0.5782920545372546
PAYX,VRSK,0.5668369989008314
PEP,XEL,0.6233248433967494
QCOM,TXN,0.5850635711667033
SNPS,TXN,0.6210284510062598
SNPS,XLNX,0.553333601259336
SWKS,TXN,0.665741768854076
SWKS,XLNX,0.5570586286960528
TXN,XLNX,0.6838371731449822
